NAME,ADDRESS,CITY,STATE,ZIP,API ADDRESS,LAT,LONG,COUNTY,PHONE,ICU/CCU BEDS
ADVANCED DALLAS HOSPITALS AND CLINICS,7502 GREENVILLE,DALLAS,TX,75231,"7502 Greenville Ave, Dallas, TX 75231",32.883766,-96.758006,DALLAS,2142216000,16
ADVENTHEALTH CENTRAL TEXAS,2201 SOUTH CLEAR CREEK ROAD,KILLEEN,TX,76549,"2201 Clear Creek Rd, Killeen, TX 76549",31.113674,-97.801689,BELL,2545198165,24
ARISE AUSTIN MEDICAL CENTER,3003 BEE CAVE ROAD,AUSTIN,TX,78746,"3003 Bee Caves Rd, Austin, TX 78746",30.270957,-97.795802,TRAVIS,5123143800,2
ASCENSION PROVIDENCE,6901 MEDICAL PARKWAY,WACO,TX,76712,"6901 Medical Pkwy, Waco, TX 76712",31.514413,-97.19945,MCLENNAN,2547514000,30
ASCENSION SETON HAYS,6001 KYLE PARKWAY,KYLE,TX,78640,"6001 Kyle Pkwy, Kyle, TX 78640",30.008842,-97.852665,HAYS,5125045058,32
ASCENSION SETON HIGHLAND LAKES,3201 SOUTH WATER STREET,BURNET,TX,78611,"3201 S Water St, Burnet, TX 78611",30.732869,-98.237012,BURNET,5127153000,4
ASCENSION SETON MEDICAL CENTER AUSTIN,1201 WEST 38TH STREET,AUSTIN,TX,78705,"1201 W 38th St, Austin, TX 78705",30.304914,-97.745402,TRAVIS,5123241000,65
ASCENSION SETON NORTHWEST,11113 RESEARCH BOULEVARD,AUSTIN,TX,78759,"11113 Research Blvd, Austin, TX 78759",30.405845,-97.744736,TRAVIS,5123246900,8
ASCENSION SETON WILLIAMSON,201 SETON PARKWAY,ROUND ROCK,TX,78665,"201 Seton Pkwy, Round Rock, TX 78665",30.568164,-97.651106,WILLIAMSON,5123244000,32
ATRIUM MEDICAL CENTER LP,11929 WEST AIRPORT BOULEVARD,STAFFORD,TX,77477,"11929 W Airport Blvd, Stafford, TX 77477",29.646502,-95.587899,FORT BEND,2812078200,20
BALLINGER MEMORIAL HOSPITAL DISTRICT,608 AVENUE B,BALLINGER,TX,76821,"608 Ave B, Ballinger, TX 76821",31.75027,-99.962325,RUNNELS,3253652531,2
BAPTIST HOSPITALS OF SOUTHEAST TEXAS,3080 COLLEGE STREET,BEAUMONT,TX,77701,"3080 College St, Beaumont, TX 77701",30.070357,-94.11979,JEFFERSON,4092125000,25
BAPTIST MEDICAL CENTER,111 DALLAS STREET,SAN ANTONIO,TX,78205,"111 Dallas St, San Antonio, TX 78205",29.433872,-98.4923,BEXAR,2102977600,64
BAYLOR SCOTT & WHITE ALL SAINTS MEDICAL CENTER - FORT WORTH,1400 8TH AVE,FORT WORTH,TX,76104,"1400 8th Ave, Fort Worth, TX 76104",32.729334,-97.345545,TARRANT,8179262544,39
BAYLOR SCOTT & WHITE CONTINUING CARE HOSPITAL,546 N KEGLEY RD,TEMPLE,TX,76502,"546 N Kegley Rd, Temple, TX 76502",31.11812,-97.399072,BELL,2542150900,10
BAYLOR SCOTT & WHITE MCLANE CHILDRENS MEDICAL CENTER,1901 SW H K DODGEN LOOP,TEMPLE,TX,76502,"1901 SW H K Dodgen Loop, Temple, TX 76502",31.07269,-97.374193,BELL,2547718600,16
BAYLOR SCOTT & WHITE MEDICAL CENTER - AUSTIN,5245 W HIGHWAY 290,AUSTIN,TX,78735,"5245 W Hwy 290, Austin, TX 78735",30.236887,-97.833148,TRAVIS,5126542100,25
BAYLOR SCOTT & WHITE MEDICAL CENTER - BRENHAM,700 MEDICAL PKWY,BRENHAM,TX,77833,"700 Medical Pkwy, Brenham, TX 77833",30.145685,-96.398899,WASHINGTON,9793375000,5
BAYLOR SCOTT & WHITE MEDICAL CENTER - BUDA,5330 OVERPASS RD STE 110,BUDA,TX,78610,"5330 Overpass Rd, Ste 110, Buda, TX 78610",30.076348,-97.819801,HAYS,7379996200,15
BAYLOR SCOTT & WHITE MEDICAL CENTER - CENTENNIAL,12505 LEBANON RD,FRISCO,TX,75035,"12505 Lebanon Rd, Frisco, TX 75035",33.11431,-96.770669,COLLIN,4697648000,12
BAYLOR SCOTT & WHITE MEDICAL CENTER - COLLEGE STATION,700 SCOTT AND WHITE DR,COLLEGE STATION,TX,77845,"College Station, TX 77845",30.579234,-96.293826,BRAZOS,9792070100,16
BAYLOR SCOTT & WHITE MEDICAL CENTER - GRAPEVINE,1650 W COLLEGE ST,GRAPEVINE,TX,76051,"1650 W College St, Grapevine, TX 76051",32.933873,-97.093581,TARRANT,8174811588,20
BAYLOR SCOTT & WHITE MEDICAL CENTER - HILLCREST,100 HILLCREST MEDICAL BLV,WACO,TX,76712,"120 Hillcrest Medical Blvd, Waco, TX 76712",31.487525,-97.157815,MCLENNAN,2542029414,24
BAYLOR SCOTT & WHITE MEDICAL CENTER - IRVING,1901 N MACARTHUR BLVD,IRVING,TX,75061,"1901 N Macarthur Blvd, Irving, TX 75061",32.835354,-96.961007,DALLAS,9725795409,38
BAYLOR SCOTT & WHITE MEDICAL CENTER - LAKE POINTE,6800 SCENIC DR,ROWLETT,TX,75088,"6800 Scenic Dr, Rowlett, TX 75088",32.917635,-96.508664,ROCKWALL,9725208000,14
BAYLOR SCOTT & WHITE MEDICAL CENTER - LAKEWAY,100 MEDICAL PKWY,LAKEWAY,TX,78738,"100 Medical Pkwy, Lakeway, TX 78738",30.332918,-97.971449,TRAVIS,5126545000,22
BAYLOR SCOTT & WHITE MEDICAL CENTER - MARBLE FALLS,810 W HIGHWAY 71,MARBLE FALLS,TX,78654,"810 W Sh 71, Marble Falls, TX 78654",30.512921,-98.304593,BURNET,8302018000,8
BAYLOR SCOTT & WHITE MEDICAL CENTER - MCKINNEY,5252 W UNIVERSITY DR,MCKINNEY,TX,75071,"5252 W University Dr, McKinney, TX 75071",33.221085,-96.682581,COLLIN,4697642200,26
BAYLOR SCOTT & WHITE MEDICAL CENTER - PLANO,4700 ALLIANCE BLVD,PLANO,TX,75093,"4700 Alliance Blvd, Plano, TX 75093",33.013583,-96.788231,COLLIN,4698143176,32
BAYLOR SCOTT & WHITE MEDICAL CENTER - ROUND ROCK,300 UNIVERSITY BLVD,ROUND ROCK,TX,78665,"300 University Blvd, Round Rock, TX 78665",30.563383,-97.685004,WILLIAMSON,5125090100,33
BAYLOR SCOTT & WHITE MEDICAL CENTER - SUNNYVALE,231 SOUTH COLLINS ROAD,SUNNYVALE,TX,75182,"231 S Collins Rd, Sunnyvale, TX 75182",32.779137,-96.568943,DALLAS,9728923000,8
BAYLOR SCOTT & WHITE MEDICAL CENTER - TEMPLE,2401 S 31ST ST,TEMPLE,TX,76508,"2401 S 31st St, Temple, TX 76504",31.077709,-97.363854,BELL,2547242111,70
BAYLOR SCOTT & WHITE MEDICAL CENTER - TROPHY CLUB,2850 EAST STATE HWY 114,TROPHY CLUB,TX,76262,"2850 State Hwy 114, Roanoke, TX 76262",32.989084,-97.176016,DENTON,8178374600,1
BAYLOR SCOTT & WHITE MEDICAL CENTER - WAXAHACHIE,2400 N IH 35 E,WAXAHACHIE,TX,75165,"2400 N I-35 E, Waxahachie, TX 75165",32.427936,-96.858089,ELLIS,4698434000,12
BAYLOR SCOTT & WHITE SURGICAL HOSPITAL - FORT WORTH,1800 PARK PLACE AVENUE,FORT WORTH,TX,76110,"1800 Park Place Ave, Fort Worth, TX 76110",32.727086,-97.346892,TARRANT,6827035600,4
BAYLOR ST LUKES MEDICAL CENTER - MCNAIR CAMPUS,7200 CAMBRIDGE STREET,HOUSTON,TX,77030,"7200 Cambridge St, Houston, TX 77030",29.699054,-95.393839,HARRIS,8323541000,50
BAYLOR UNIVERSITY MEDICAL CENTER,3500 GASTON AVENUE,DALLAS,TX,75246,"3500 Gaston Ave, Dallas, TX 75246",32.790908,-96.779474,DALLAS,2148200111,109
BELLVILLE MEDICAL CENTER,44 NORTH CUMMINGS STREET,BELLVILLE,TX,77418,"44 N Cummings St, Bellville, TX 77418",29.953193,-96.260251,AUSTIN,9794137400,2
BIG BEND REGIONAL MEDICAL CENTER,2600 HIGHWAY 118 NORTH,ALPINE,TX,79830,"2600 N State Highway 118, Alpine, TX 79830",30.384012,-103.67071,BREWSTER,4328373447,2
BROWNFIELD REGIONAL MEDICAL CENTER,705 E FELT ST,BROWNFIELD,TX,79316,"705 E Felt St, Brownfield, TX 79316",33.187643,-102.267155,TERRY,8066373551,4
BSA HOSPITAL LLC,1600 WALLACE BLVD,AMARILLO,TX,79106,"1600 Wallace Blvd, Amarillo, TX 79106",35.196207,-101.919999,POTTER,8062122000,48
CARROLLTON REGIONAL MEDICAL CENTER,4343 NORTH JOSEY LANE,CARROLLTON,TX,75010,"4343 N Josey Ln, Carrollton, TX 75010",33.028804,-96.885247,DENTON,9724921010,21
CARRUS SPECIALTY HOSPITAL,1810 US HWY 82 WEST STE 200,SHERMAN,TX,75092,"1810 W Hwy 82, Ste 200, Sherman, TX 75092",33.66982,-96.634834,GRAYSON,9038702600,13
CEDAR PARK REGIONAL MEDICAL CENTER,1401 MEDICAL PARKWAY,CEDAR PARK,TX,78613,"1401 Medical Pkwy, Cedar Park, TX 78613",30.532424,-97.812177,WILLIAMSON,5125287000,12
CHI ST JOSEPH HEALTH - COLLEGE STATION HOSPITAL,1604 ROCK PRAIRIE ROAD,COLLEGE STATION,TX,77845,"1604 Rock Prairie Rd, College Station, TX 77845",30.582589,-96.290119,BRAZOS,9797645100,12
CHI ST LUKES HEALTH - BRAZOSPORT,100 MEDICAL DRIVE,LAKE JACKSON,TX,77566,"100 Medical Dr, Lake Jackson, TX 77566",29.03185,-95.452534,BRAZORIA,9792974411,8
CHI ST LUKES HEALTH - MEMORIAL LIVINGSTON,1717 HIGHWAY 59 BYPASS,LIVINGSTON,TX,77351,"1717 US Highway 59th Loop N, Livingston, TX 77351",30.729937,-94.938594,POLK,9363298700,8
CHI ST LUKES HEALTH BAYLOR COLLEGE OF MEDICINE MEDICAL CENTER,6720 BERTNER,HOUSTON,TX,77030,"6720 Bertner Ave, Houston, TX 77030",29.708712,-95.399962,HARRIS,7137858537,157
CHI ST LUKES HEALTH MEMORIAL LUFKIN,1201 W FRANK AVE,LUFKIN,TX,75904,"1201 W Frank Ave, Lufkin, TX 75904",31.336811,-94.743638,ANGELINA,9366348111,24
CHILDRENS MEDICAL CENTER OF DALLAS,1935 MEDICAL DISTRICT DRIVE,DALLAS,TX,75235,"1935 Medical District Dr, Dallas, TX 75235",32.808994,-96.837745,DALLAS,2144568339,77
CHRISTUS CHILDRENS,333 NORTH SANTA ROSA STREET,SAN ANTONIO,TX,78207,"333 N Santa Rosa St, San Antonio, TX 78207",29.428136,-98.497912,BEXAR,2107042317,79
CHRISTUS GOOD SHEPHERD MEDICAL CENTER - LONGVIEW,700 E MARSHALL AVENUE,LONGVIEW,TX,75601,"700 E Marshall Ave, Longview, TX 75601",32.500863,-94.730171,GREGG,9033151811,55
CHRISTUS GOOD SHEPHERD MEDICAL CENTER - MARSHALL,811 SOUTH WASHINGTON,MARSHALL,TX,75670,"811 S Washington Ave, Marshall, TX 75670",32.536564,-94.367794,HARRISON,9039276000,9
CHRISTUS MOTHER FRANCES HOSPITAL - SULPHUR SPRINGS,115 AIRPORT ROAD,SULPHUR SPRINGS,TX,75482,"115 Airport Rd, Sulphur Springs, TX 75482",33.157301,-95.599927,HOPKINS,9034394052,10
CHRISTUS MOTHER FRANCES HOSPITAL - TYLER,800 EAST DAWSON,TYLER,TX,75701,"800 E Dawson St, Tyler, TX 75701",32.342624,-95.291902,SMITH,9035315400,218
CHRISTUS MOTHER FRANCES HOSPITAL - WINNSBORO,719 WEST COKE ROAD,WINNSBORO,TX,75494,"719 W Coke Rd, Winnsboro, TX 75494",32.947569,-95.30615,WOOD,9033425227,4
CHRISTUS SANTA ROSA HOSPITAL - MEDICAL CENTER,2827 BABCOCK ROAD,SAN ANTONIO,TX,78229,"2827 Babcock Rd, San Antonio, TX 78229",29.512267,-98.589251,BEXAR,2107056021,20
CHRISTUS SANTA ROSA HOSPITAL - NEW BRAUNFELS,600 NORTH UNION AVENUE,NEW BRAUNFELS,TX,78130,"600 N Union Ave, New Braunfels, TX 78130",29.715466,-98.123258,COMAL,8306062170,10
CHRISTUS SANTA ROSA HOSPITAL - SAN MARCOS,1301 WONDER WORLD DRIVE,SAN MARCOS,TX,78666,"1301 Wonder World Dr, San Marcos, TX 78666",29.85279,-97.945825,HAYS,5123538979,10
CHRISTUS SANTA ROSA HOSPITAL - WESTOVER HILLS,11212 STATE HIGHWAY 151,SAN ANTONIO,TX,78251,"11212 State Hwy 151, San Antonio, TX 78251",29.466852,-98.695949,BEXAR,2107038000,16
CHRISTUS SOUTHEAST TEXAS - JASPER MEMORIAL,1275 MARVIN HANCOCK DR,JASPER,TX,75951,"1275 Marvin Hancock Dr, Jasper, TX 75951",30.907546,-94.008358,JASPER,4093845461,6
CHRISTUS SOUTHEAST TEXAS - ST ELIZABETH,2830 CALDER ST,BEAUMONT,TX,77702,"2830 Calder Ave, Beaumont, TX 77702",30.086619,-94.131292,JEFFERSON,4092367107,46
CHRISTUS SPOHN HOSPITAL ALICE,2500 EAST MAIN STREET,ALICE,TX,78332,"2500 E Main St, Alice, TX 78332",27.764759,-98.044822,JIM WELLS,3616618015,8
CHRISTUS SPOHN HOSPITAL BEEVILLE,1500 EAST HOUSTON HIGHWAY,BEEVILLE,TX,78102,"1500 E Houston St, Beeville, TX 78102",28.407802,-97.73283,BEE,3613542125,8
CHRISTUS SPOHN HOSPITAL CORPUS CHRISTI SHORELINE,600 ELIZABETH STREET,CORPUS CHRISTI,TX,78404,"608 Elizabeth Ave, Kingsville, TX 78363",27.500942,-97.861277,NUECES,3618813148,128
CHRISTUS SPOHN HOSPITAL CORPUS CHRISTI SOUTH,5950 SARATOGA BOULEVARD,CORPUS CHRISTI,TX,78414,"5950 Saratoga Blvd, Corpus Christi, TX 78414",27.681949,-97.376406,NUECES,3619855103,8
CHRISTUS SPOHN HOSPITAL KLEBERG,1311 EAST GENERAL CAVAZOS BOULEVARD,KINGSVILLE,TX,78363,"1311 E General Cavazos Blvd, Kingsville, TX 78363",27.491359,-97.851487,KLEBERG,3615951661,10
CHRISTUS ST MICHAEL HEALTH SYSTEM,2600 ST MICHAEL DRIVE,TEXARKANA,TX,75503,"2600 St Michael Dr, Texarkana, TX 75503",33.464014,-94.075579,BOWIE,9036142211,32
CHRISTUS ST MICHAEL HOSPITAL - ATLANTA,1007 SOUTH WILLIAM STREET,ATLANTA,TX,75551,"1007 S William St, Atlanta, TX 75551",33.105544,-94.163783,CASS,9037993000,8
CITIZENS MEDICAL CENTER,2701 HOSPITAL DRIVE,VICTORIA,TX,77901,"2701 Hospital Dr, Victoria, TX 77901",28.81309,-96.977678,VICTORIA,3615739181,22
COMANCHE COUNTY MEDICAL CENTER,10201 HIGHWAY 16 NORTH,COMANCHE,TX,76442,"10201 Highway 16, Comanche, TX 76442",31.984446,-98.561938,COMANCHE,2548794900,2
CONNALLY MEMORIAL MEDICAL CENTER,499 10TH STREET,FLORESVILLE,TX,78114,"499 10th St, Floresville, TX 78114",29.159486,-98.173761,WILSON,8303931303,4
COOK CHILDRENS MEDICAL CENTER,801 SEVENTH AVENUE,FORT WORTH,TX,76104,"801 7th Ave, Fort Worth, TX 76104",32.736976,-97.341846,TARRANT,6828854326,63
CORNERSTONE SPECIALTY HOSPITALS AUSTIN,4207 BURNET ROAD,AUSTIN,TX,78756,"4207 Burnet Rd, Austin, TX 78756",30.312128,-97.743444,TRAVIS,5127061900,6
CORNERSTONE SPECIALTY HOSPITALS CLEAR LAKE,709 MEDICAL CENTER BLVD,WEBSTER,TX,77598,"709 Medical Center Blvd, Webster, TX 77598",29.537255,-95.129351,HARRIS,2813323322,12
CORNERSTONE SPECIALTY HOSPITALS CONROE,1500 GRAND LAKE DRIVE,CONROE,TX,77304,"1500 Grand Lake Dr, Conroe, TX 77304",30.282192,-95.465705,MONTGOMERY,9365231800,6
CORNERSTONE SPECIALTY HOSPITALS HOUSTON MEDICAL CENTER,1300 BINZ,HOUSTON,TX,77004,"1300 Binz St, Houston, TX 77004",29.724095,-95.387003,HARRIS,7132851000,12
CORNERSTONE SPECIALTY HOSPITALS ROUND ROCK,4681 COLLEGE PARK DRIVE,ROUND ROCK,TX,78665,"4681 College Park Dr, Round Rock, TX 78665",30.566759,-97.657752,WILLIAMSON,5126711100,12
CORPUS CHRISTI MEDICAL CENTER BAY AREA,7101 SOUTH PADRE ISLAND DRIVE,CORPUS CHRISTI,TX,78412,"7101 S Padre Island Dr, Corpus Christi, TX 78412",27.69334,-97.341648,NUECES,3617611200,3
CORPUS CHRISTI MEDICAL CENTER DOCTORS REGIONAL,3315 SOUTH ALAMEDA,CORPUS CHRISTI,TX,78411,"3315 S Alameda St, Corpus Christi, TX 78411",27.754109,-97.38838,NUECES,3617611400,21
CORYELL MEMORIAL HOSPITAL,1507 WEST MAIN STREET,GATESVILLE,TX,76528,"1507 W Main St, Gatesville, TX 76528",31.435215,-97.779162,CORYELL,2548658251,3
COVENANT CHILDRENS HOSPITAL,4015 22ND PLACE,LUBBOCK,TX,79410,"4015 22nd Pl, Lubbock, TX 79410",33.573954,-101.900299,LUBBOCK,8067257960,30
COVENANT HOSPITAL PLAINVIEW,2601 DIMMIT ROAD,PLAINVIEW,TX,79072,"2601 Dimmitt Rd, Plainview, TX 79072",34.206722,-101.731042,HALE,8062964265,6
COVENANT MEDICAL CENTER,3615 19TH STREET,LUBBOCK,TX,79410,"3615 19th St, Lubbock, TX 79410",33.577683,-101.891893,LUBBOCK,8067250000,142
COVENANT SPECIALTY HOSPITAL,3815 20TH STREET,LUBBOCK,TX,79410,"3815 20th St, Lubbock, TX 79410",33.576743,-101.897003,LUBBOCK,8067259200,28
CRESCENT MEDICAL CENTER LANCASTER,2600 WEST PLEASANT RUN ROAD,LANCASTER,TX,75146,"2600 W Pleasant Run Rd, Lancaster, TX 75146",32.602383,-96.812722,DALLAS,4692975321,8
CROCKETT MEDICAL CENTER,1100 E LOOP 304,CROCKETT,TX,75835,"1100 E Loop 304, Crockett, TX 75835",31.324808,-95.438246,HOUSTON,9365463891,5
CUERO REGIONAL HOSPITAL,2550 NORTH ESPLANADE,CUERO,TX,77954,"2550 N Esplanade St, Cuero, TX 77954",29.112742,-97.283053,DE WITT,3612756191,4
DALLAS MEDICAL CENTER,7 MEDICAL PARKWAY,DALLAS,TX,75234,"7 Medical Pkwy, Dallas, TX 75234",32.915447,-96.870243,DALLAS,9722471000,22
DALLAS REGIONAL MEDICAL CENTER,1011 NORTH GALLOWAY AVE,MESQUITE,TX,75149,"1011 N Galloway Ave, Mesquite, TX 75149",32.778628,-96.60129,DALLAS,2143207787,24
DEL SOL MEDICAL CENTER A CAMPUS OF LPDS HEALTHCARE,10301 GATEWAY BOULEVARD WEST,EL PASO,TX,79925,"10301 Gateway Blvd W, El Paso, TX 79925",31.756644,-106.351462,EL PASO,9155959000,39
DELL CHILDRENS MEDICAL CENTER,4900 MUELLER BLVD,AUSTIN,TX,78723,"4900 Mueller Blvd, Austin, TX 78723",30.303505,-97.706219,TRAVIS,5123240101,72
DELL SETON MEDICAL CENTER AT THE UNIVERSITY OF TEXAS,1500 RED RIVER STREET,AUSTIN,TX,78701,"1500 Red River St, Austin, TX 78701",30.276438,-97.734383,TRAVIS,5123247000,30
DETAR HEALTHCARE SYSTEM,506 EAST SAN ANTONIO STREET,VICTORIA,TX,77901,"506 E San Antonio St, Victoria, TX 77901",28.808086,-96.998618,VICTORIA,3615757441,44
DETAR HEALTHCARE SYSTEM,101 MEDICAL DRIVE,VICTORIA,TX,77904,"101 Medical Dr, Victoria, TX 77904",28.854217,-97.019618,VICTORIA,3615736100,6
DHR HEALTH BROWNSVILLE,4750 N EXPRESSWAY 77,BROWNSVILLE,TX,78526,"Brownsville, TX 78526",25.971728,-97.469871,CAMERON,9563627469,3
DOCTORS HOSPITAL AT RENAISSANCE,5501 SOUTH MCCOLL,EDINBURG,TX,78539,"5501 S McColl Rd, Edinburg, TX 78539",26.252805,-98.204995,HIDALGO,9563627360,51
DOCTORS HOSPITAL OF LAREDO,10700 MCPHERSON ROAD,LAREDO,TX,78045,"10700 McPherson Rd, Laredo, TX 78045",27.607033,-99.476413,WEBB,9565232000,24
DRISCOLL CHILDRENS HOSPITAL,3533 SOUTH ALAMEDA,CORPUS CHRISTI,TX,78411,"3533 S Alameda St, Corpus Christi, TX 78411",27.74814,-97.384405,NUECES,3616945021,22
EL CAMPO MEMORIAL HOSPITAL,303 SANDY CORNER ROAD,EL CAMPO,TX,77437,"303 Sandy Corner Rd, El Campo, TX 77437",29.218917,-96.290741,WHARTON,9795436251,4
EL PASO CHILDRENS HOSPITAL,4845 ALAMEDA AVE,EL PASO,TX,79905,"4845 Alameda Ave, El Paso, TX 79905",31.771259,-106.433843,EL PASO,9152428600,22
ENNIS REGIONAL MEDICAL CENTER,2201 WEST LAMPASAS STREET,ENNIS,TX,75119,"W Lampasas St, Ennis, TX 75119",32.321645,-96.628593,ELLIS,9728750900,6
FIRST BAPTIST MEDICAL CENTER,8111 MEADOW RD,DALLAS,TX,75231,"8111 Meadow Rd, Dallas, TX 75231",32.888377,-96.766589,DALLAS,4693293700,4
FORT DUNCAN REGIONAL MEDICAL CENTER,3333 NORTH FOSTER MALDONADO,EAGLE PASS,TX,78852,"3333 N Foster Maldonado Blvd, Eagle Pass, TX 78852",28.71316,-100.455385,MAVERICK,8307735321,10
GOLDEN PLAINS COMMUNITY HOSPITAL,100 MEDICAL DRIVE,BORGER,TX,79007,"100 Medical Dr, Borger, TX 79007",35.65535,-101.408888,HUTCHINSON,8064675700,3
GRAHAM HOSPITAL DISTRICT,1301 MONTGOMERY ROAD,GRAHAM,TX,76450,"1301 Montgomery Rd, Graham, TX 76450",33.089763,-98.583961,YOUNG,9405493400,2
GUADALUPE REGIONAL MEDICAL CENTER,1215 EAST COURT STREET,SEGUIN,TX,78155,"1215 E Court St, Seguin, TX 78155",29.567935,-97.947397,GUADALUPE,8303792411,9
HAMILTON HOSPITAL,901 WEST HAMILTON STREET,OLNEY,TX,76374,"901 W Hamilton St, Olney, TX 76374",33.369307,-98.764445,YOUNG,9405645521,7
HARLINGEN MEDICAL CENTER,5501 SOUTH EXPRESSWAY 77,HARLINGEN,TX,78550,"Harlingen, TX 78550",26.255523,-97.667502,CAMERON,9563651000,14
HARRIS HEALTH SYSTEM BEN TAUB HOSPITAL,1504 TAUB LOOP,HOUSTON,TX,77030,"1504 Taub Loop, Houston, TX 77030",29.712675,-95.393774,HARRIS,3464260478,80
HARRIS HEALTH SYSTEM LYNDON B JOHNSON HOSPITAL,5656 KELLEY STREET,HOUSTON,TX,77026,"5656 Kelley St, Houston, TX 77026",29.811429,-95.310943,HARRIS,3464260478,24
HCA HOUSTON HEALTHCARE CLEAR LAKE,500 MEDICAL CENTER BLVD,WEBSTER,TX,77598,"500 Medical Center Blvd, Webster, TX 77598",29.539812,-95.126216,HARRIS,2813322511,68
HCA HOUSTON HEALTHCARE CONROE,504 MEDICAL CENTER BOULEVARD,CONROE,TX,77304,"504 Medical Center Blvd, Conroe, TX 77304",30.284117,-95.46829,MONTGOMERY,9365391111,38
HCA HOUSTON HEALTHCARE KINGWOOD,22999 US HIGHWAY 59,KINGWOOD,TX,77339,"22999 US Highway 59 N, Humble, TX 77339",30.05008,-95.254977,MONTGOMERY,2813488001,54
HCA HOUSTON HEALTHCARE MAINLAND,6801 EMMETT F LOWERY EXPRESSWAY,TEXAS CITY,TX,77591,"6801 Emmett F Lowry Expy, Texas City, TX 77591",29.393783,-94.986295,GALVESTON,4099385000,18
HCA HOUSTON HEALTHCARE MEDICAL CENTER,1313 HERMANN DRIVE,HOUSTON,TX,77004,"1313 Hermann Dr, Houston, TX 77004",29.722727,-95.387547,HARRIS,7135275000,26
HCA HOUSTON HEALTHCARE NORTH CYPRESS,21214 NORTHWEST FREEWAY,CYPRESS,TX,77429,"21214 Northwest Fwy, Cypress, TX 77429",29.927665,-95.632202,HARRIS,8329123500,20
HCA HOUSTON HEALTHCARE NORTHWEST,710 CYPRESS CREEK PARKWAY,HOUSTON,TX,77090,"709 Cypress Station Dr, Houston, TX 77090",30.030067,-95.440495,HARRIS,2814401000,48
HCA HOUSTON HEALTHCARE SOUTHEAST,4000 SPENCER HIGHWAY,PASADENA,TX,77504,"4000 Spencer Hwy, Pasadena, TX 77504",29.661171,-95.183755,HARRIS,7133592000,26
HCA HOUSTON HEALTHCARE TOMBALL,605 HOLDERRIETH BOULEVARD,TOMBALL,TX,77375,"605 Holderrieth Blvd, Tomball, TX 77375",30.0874,-95.620728,HARRIS,2814017500,20
HCA HOUSTON HEALTHCARE WEST,12141 RICHMOND AVENUE,HOUSTON,TX,77082,"12141 Richmond Ave, Houston, TX 77082",29.729197,-95.594442,HARRIS,2815583444,41
"HEART HOSPITAL OF AUSTIN, A CAMPUS OF ST DAVIDS MEDICAL CENTER",3801 NORTH LAMAR,AUSTIN,TX,78756,"3801 N Lamar Blvd, Austin, TX 78756",30.305918,-97.741119,TRAVIS,5124077000,14
HENDRICK MEDICAL CENTER,1900 PINE,ABILENE,TX,79601,"Abilene, TX 79601",32.576489,-99.665323,TAYLOR,3256702000,35
HENDRICK MEDICAL CENTER BROWNWOOD,1501 BURNETT RD,BROWNWOOD,TX,76801,"1501 Burnett Rd, Brownwood, TX 76801",31.678089,-98.99369,BROWN,3256493300,13
HENDRICK MEDICAL CENTER SOUTH,6250 US HIGHWAY 83,ABILENE,TX,79606,"6254 US Hwy 83, Winters, TX 79567",31.908644,-99.966048,TAYLOR,3254281010,20
HEREFORD REGIONAL MEDICAL CENTER,540 WEST 15TH STREET,HEREFORD,TX,79045,"540 W 15th St, Hereford, TX 79045",34.838958,-102.413712,DEAF SMITH,8063642141,2
HOUSTON METHODIST BAYTOWN HOSPITAL,4401 GARTH RD,BAYTOWN,TX,77521,"4401 Garth Rd, Baytown, TX 77521",29.769072,-94.979045,HARRIS,2814208600,44
HOUSTON METHODIST CLEAR LAKE HOSPITAL,18300 HOUSTON METHODIST DR,HOUSTON,TX,77058,"Houston, TX 77058",29.571604,-95.099828,HARRIS,2813338865,14
HOUSTON METHODIST CONTINUING CARE HOSPITAL,701 S FRY RD,KATY,TX,77450,"701 S Fry Rd, Katy, TX 77450",29.777375,-95.718627,HARRIS,8325227550,22
HOUSTON METHODIST HOSPITAL,6565 FANNIN ST,HOUSTON,TX,77030,"6565 Fannin St, Houston, TX 77030",29.709033,-95.400335,HARRIS,7137903311,214
HOUSTON METHODIST SUGAR LAND HOSPITAL,16655 SOUTHWEST FWY,SUGAR LAND,TX,77479,"16655 Southwest Fwy, Sugar Land, TX 77479",29.588964,-95.631127,FORT BEND,2812747000,40
HOUSTON METHODIST THE WOODLANDS HOSPITAL,17201 I-45 SOUTH,THE WOODLANDS,TX,77385,"17201 I-45 S, Shenandoah, TX 77385",30.205188,-95.451727,MONTGOMERY,9362702000,25
HOUSTON METHODIST WEST HOSPITAL,18500 KATY FWY,HOUSTON,TX,77094,"18500 Katy Fwy, Houston, TX 77094",29.787208,-95.697905,HARRIS,8325221000,25
HOUSTON METHODIST WILLOWBROOK HOSPITAL,18220 STATE HIGHWAY 249,HOUSTON,TX,77070,"18220 Tomball Pkwy, Houston, TX 77070",29.966597,-95.551132,HARRIS,2817371000,32
HUNT REGIONAL HEALTHCARE,4215 JOE RAMSEY BOULEVARD,GREENVILLE,TX,75401,"4215 Joe Ramsey Blvd, Greenville, TX 75401",33.122487,-96.123918,HUNT,9034085000,16
HUNTSVILLE MEMORIAL HOSPITAL,110 MEMORIAL HOSPITAL DRIVE,HUNTSVILLE,TX,77340,"110 Memorial Hospital Dr, Huntsville, TX 77340",30.698734,-95.558982,WALKER,9362913411,6
JOHN PETER SMITH HOSPITAL,1500 S MAIN ST,FORT WORTH,TX,76104,"1500 S Main St, Fort Worth, TX 76104",32.726819,-97.328127,TARRANT,8179213431,98
KINDRED HOSPITAL CLEAR LAKE,350 BLOSSOM STREET,WEBSTER,TX,77598,"350 Blossom St, Webster, TX 77598",29.544005,-95.127838,HARRIS,2813167800,14
KINDRED HOSPITAL EL PASO,1740 CURIE DRIVE,EL PASO,TX,79902,"1740 Curie Dr, El Paso, TX 79902",31.778996,-106.477362,EL PASO,9153519044,8
KINDRED HOSPITAL HOUSTON MEDICAL CENTER,6441 MAIN STREET,HOUSTON,TX,77030,"6441 Main St, Houston, TX 77030",29.712968,-95.399037,HARRIS,7137900500,9
KINDRED HOSPITAL HOUSTON NW,11297 FALLBROOK DRIVE,HOUSTON,TX,77065,"11297 Fallbrook Dr, Houston, TX 77065",29.924425,-95.588005,HARRIS,2815171000,12
KINDRED HOSPITAL SUGAR LAND,1550 FIRST COLONY BOULEVARD,SUGAR LAND,TX,77479,"1550 1 Colony Blvd, Sugar Land, TX 77479",29.600647,-95.63812,FORT BEND,2812756000,18
KINDRED HOSPITAL-SAN ANTONIO,3636 MEDICAL DRIVE,SAN ANTONIO,TX,78229,"3636 Medical Dr, San Antonio, TX 78229",29.522377,-98.556416,BEXAR,2106160616,6
KINDRED HOSPITAL-TARRANT COUNTY,1000 NORTH COOPER STREET,ARLINGTON,TX,76011,"1000 N Cooper St, Arlington, TX 76011",32.750511,-97.114156,TARRANT,8175483400,6
KINDRED HOSPITAL-TARRANT COUNTY,7800 OAKMONT BOULEVARD,FORT WORTH,TX,76132,"7800 Oakmont Blvd, Fort Worth, TX 76132",32.665931,-97.424117,TARRANT,8173460094,10
KNAPP MEDICAL CENTER,1401 EAST EIGHTH STREET,WESLACO,TX,78596,"1401 E 8th St, Weslaco, TX 78596",26.152119,-97.97749,HIDALGO,9569688567,22
KNOX COUNTY HOSPITAL,701 SOUTHEAST 5TH STREET,KNOX CITY,TX,79529,"701 SE 5th St, Knox City, TX 79529",33.413698,-99.811498,KNOX,9406573535,2
KPC PROMISE HOSPITAL OF AMARILLO,1540 RESEARCH ST,AMARILLO,TX,79124,"1540 Research St, Amarillo, TX 79124",35.197751,-101.926228,POTTER,8066398670,10
LAKE GRANBURY MEDICAL CENTER,1310 PALUXY ROAD,GRANBURY,TX,76048,"1310 Paluxy Rd, Granbury, TX 76048",32.432362,-97.803711,HOOD,8175732273,19
LAREDO MEDICAL CENTER,1700 EAST SAUNDERS STREET,LAREDO,TX,78041,"1700 E Saunders St, Laredo, TX 78041",27.530851,-99.479962,WEBB,9567965000,42
LAREDO SPECIALTY HOSPITAL,2005 BUSTAMANTE ST,LAREDO,TX,78041,"2005 Bustamante St, Laredo, TX 78041",27.533535,-99.473782,WEBB,9567535353,6
LAS PALMAS MEDICAL CENTER A CAMPUS OF LPDS HEALTHCARE,1801 NORTH OREGON STREET,EL PASO,TX,79902,"1801 N Oregon St, El Paso, TX 79902",31.770037,-106.49823,EL PASO,9155211776,34
LAVACA MEDICAL CENTER,1400 NORTH TEXANA STREET,HALLETTSVILLE,TX,77964,"1400 N Texana St, Hallettsville, TX 77964",29.457421,-96.938331,LAVACA,3617983671,3
LEGENT ORTHOPEDIC HOSPITAL,1401 E TRINITY MILLS RD,CARROLLTON,TX,75006,"1401 E Trinity Mills Rd, Carrollton, TX 75006",32.985575,-96.898337,DALLAS,9728100700,4
LIFECARE HOSPITALS OF FT WORTH,6201 OVERTON RIDGE BOULEVARD,FORT WORTH,TX,76132,"6201 Overton Ridge Blvd, Fort Worth, TX 76132",32.678823,-97.421136,TARRANT,8173706078,10
LIFECARE HOSPITALS OF NORTH TEXAS - DALLAS,1950 RECORD CROSSING ROAD,DALLAS,TX,75235,"1950 Record Crossing Rd, Dallas, TX 75235",32.817306,-96.848898,DALLAS,2146409600,6
LONGVIEW REGIONAL MEDICAL CENTER,2901 NORTH FOURTH STREET,LONGVIEW,TX,75605,"2901 N 4th St, Longview, TX 75605",32.532185,-94.728805,GREGG,9037581818,24
LUBBOCK HEART & SURGICAL HOSPITAL,4810 NORTH LOOP 289,LUBBOCK,TX,79416,"4810 N Loop 289, Lubbock, TX 79416",33.602938,-101.915394,LUBBOCK,8066877777,15
MATAGORDA REGIONAL MEDICAL CENTER,104 7TH STREET,BAY CITY,TX,77414,"104 7th St, Bay City, TX 77414",28.980333,-95.991914,MATAGORDA,9792456383,6
MEDICAL CENTER HOSPITAL,500 W 4TH ST,ODESSA,TX,79761,"500 W 4th St, Odessa, TX 79761",31.845373,-102.373391,ECTOR,4326402413,40
MEDICAL CITY ALLIANCE,3101 N TARRANT PKWY,FORT WORTH,TX,76177,"3101 N Tarrant Pkwy, Fort Worth, TX 76177",32.89983,-97.313977,TARRANT,8176391100,8
MEDICAL CITY ARLINGTON,3301 MATLOCK RD,ARLINGTON,TX,76015,"3301 Matlock Rd, Arlington, TX 76015",32.690201,-97.113928,TARRANT,8174653241,52
MEDICAL CITY DALLAS HOSPITAL,7777 FOREST LN,DALLAS,TX,75230,"7777 Forest Ln, Dallas, TX 75230",32.911775,-96.773229,DALLAS,9725666000,119
MEDICAL CITY DENTON,3535 SOUTH I-35 EAST,DENTON,TX,76210,"3535 S I-35 E I 35, Denton, TX 76210",33.176683,-97.092588,DENTON,9403843535,29
MEDICAL CITY FORT WORTH,900 EIGHTH AVENUE,FORT WORTH,TX,76104,"900 8th Ave, Fort Worth, TX 76104",32.735903,-97.345153,TARRANT,8173362100,68
MEDICAL CITY FRISCO A MEDICAL CENTER OF PLANO FACILITY,5500 FRISCO SQUARE BLVD,FRISCO,TX,75034,"5500 Frisco Square Blvd, Frisco, TX 75034",33.150894,-96.838944,COLLIN,2146180500,28
MEDICAL CITY HEART & SPINE HOSPITALS,11970 NORTH CENTRAL EXPRESSWAY,DALLAS,TX,75243,"11970 N Central Expy, Dallas, TX 75243",32.911715,-96.766786,DALLAS,9725666217,15
MEDICAL CITY LAS COLINAS,6800 N MACARTHUR BLVD,IRVING,TX,75039,"6800 N Macarthur Blvd, Irving, TX 75039",32.902163,-96.957303,DALLAS,9729692000,8
MEDICAL CITY LEWISVILLE,500 W MAIN ST,LEWISVILLE,TX,75057,"500 W Main St, Lewisville, TX 75057",33.044381,-97.004532,DENTON,4693702707,20
MEDICAL CITY MCKINNEY,4500 MEDICAL CENTER DR,MCKINNEY,TX,75069,"4500 Medical Center Dr, McKinney, TX 75069",33.159641,-96.636911,COLLIN,9725478001,16
MEDICAL CITY NORTH HILLS,4401 BOOTH CALLOWAY ROAD,NORTH RICHLAND HILLS,TX,76180,"4401 Booth Calloway Rd, North Richland Hills, TX 76180",32.829318,-97.214001,TARRANT,8172551000,20
MEDICAL CITY PLANO,3901 W 15TH ST,PLANO,TX,75075,"3901 W 15th St, Plano, TX 75075",33.021675,-96.766206,COLLIN,9725191101,100
MEDICAL CITY WEATHERFORD,713 E ANDERSON ST,WEATHERFORD,TX,76086,"713 E Anderson St, Weatherford, TX 76086",32.748269,-97.785737,PARKER,6825821000,20
MEMORIAL HERMANN - TEXAS MEDICAL CENTER,6411 FANNIN,HOUSTON,TX,77030,"6411 Fannin St, Houston, TX 77030",29.714052,-95.396173,HARRIS,7137044000,337
MEMORIAL HERMANN CYPRESS HOSPITAL,27800 NORTHWEST FREEWAY,CYPRESS,TX,77433,"27700 Northwest Fwy, Cypress, TX 77433",29.986183,-95.731952,HARRIS,3462314000,20
MEMORIAL HERMANN GREATER HEIGHTS HOSPITAL,1635 NORTH LOOP WEST,HOUSTON,TX,77008,"1635 N Loop W, Houston, TX 77008",29.810888,-95.43067,HARRIS,7138672000,30
MEMORIAL HERMANN KATY HOSPITAL,23900 KATY FREEWAY,KATY,TX,77494,"23900 Katy Fwy, Katy, TX 77494",29.787086,-95.786189,HARRIS,2816447000,32
MEMORIAL HERMANN MEMORIAL CITY MEDICAL CENTER,921 GESSNER ROAD,HOUSTON,TX,77024,"921 Gessner Rd, Houston, TX 77024",29.781137,-95.545763,HARRIS,7139323000,44
MEMORIAL HERMANN NORTHEAST HOSPITAL,18951 MEMORIAL NORTH,HUMBLE,TX,77338,"18951 Memorial Blvd, Humble, TX 77338",29.994309,-95.273599,HARRIS,2815407700,24
MEMORIAL HERMANN PEARLAND HOSPITAL,16100 SOUTH FREEWAY,PEARLAND,TX,77584,"16100 South Fwy, Pearland, TX 77584",29.563684,-95.388809,BRAZORIA,7134136580,10
MEMORIAL HERMANN SOUTHEAST HOSPITAL,11800 ASTORIA BOULEVARD,HOUSTON,TX,77089,"11800 Astoria Blvd, Houston, TX 77089",29.58251,-95.207263,HARRIS,2819296100,30
MEMORIAL HERMANN SOUTHWEST HOSPITAL,7600 BEECHNUT,HOUSTON,TX,77074,"7600 Beechnut St, Houston, TX 77074",29.692477,-95.521494,HARRIS,7134565000,69
MEMORIAL HERMANN SUGAR LAND HOSPITAL,17500 WEST GRAND PARKWAY SOUTH,SUGAR LAND,TX,77479,"17500 W Grand Pkwy S, Sugar Land, TX 77479",29.564723,-95.690119,FORT BEND,2817255202,14
MEMORIAL HERMANN THE WOODLANDS MEDICAL CENTER,9250 PINECROFT,THE WOODLANDS,TX,77380,"9250 Pinecroft Dr, Shenandoah, TX 77380",30.174078,-95.454003,MONTGOMERY,7138972301,58
MEMORIAL HOSPITAL,1110 N SARAH DEWITT DRIVE,GONZALES,TX,78629,"1110 N Sarah Dewitt Dr, Gonzales, TX 78629",29.517542,-97.429642,GONZALES,8306727581,4
MEMORIAL MEDICAL CENTER,815 NORTH VIRGINIA STREET,PORT LAVACA,TX,77979,"815 N Virginia St, Port Lavaca, TX 77979",28.620564,-96.631909,CALHOUN,3615526713,6
MERIDIAN HOSPITAL PLLC,9430 KATY FREEWAY,HOUSTON,TX,77055,"9430 Katy Fwy, Houston, TX 77055",29.785129,-95.524605,HARRIS,8327301370,6
MESQUITE SPECIALTY HOSPITAL,1024 NORTH GALLOWAY AVENUE,MESQUITE,TX,75149,"1024 N Galloway Ave, Mesquite, TX 75149",32.778683,-96.598233,DALLAS,9722162300,6
METHODIST DALLAS MEDICAL CENTER,1441 NORTH BECKLEY AVENUE,DALLAS,TX,75203,"1441 N Beckley Ave, Dallas, TX 75203",32.76156,-96.825026,DALLAS,2149478181,123
METHODIST CHARLTON MEDICAL CENTER,3500 W WHEATLAND RD,DALLAS,TX,75237,"3500 W Wheatland Rd, Dallas, TX 75237",32.64507,-96.876347,DALLAS,2149477777,44
METHODIST HOSPITAL,7700 FLOYD CURL DRIVE,SAN ANTONIO,TX,78229,"7700 Floyd Curl Dr, San Antonio, TX 78229",29.507191,-98.572298,BEXAR,2105754000,137
METHODIST HOSPITAL | ATASCOSA,1905 HIGHWAY 97 EAST,JOURDANTON,TX,78026,"1905 E State Highway 97, Jourdanton, TX 78026",28.932145,-98.525348,ATASCOSA,8307693515,6
METHODIST HOSPITAL | STONE OAK,1139 EAST SONTERRA BLVD,SAN ANTONIO,TX,78258,"1139 E Sonterra Blvd, San Antonio, TX 78258",29.615388,-98.476211,BEXAR,2106382000,34
METHODIST HOSPITAL FOR SURGERY,17101 DALLAS PARKWAY,ADDISON,TX,75001,"17101 Dallas Pkwy, Addison, TX 75001",32.985218,-96.829438,DALLAS,4692483900,4
METHODIST HOSPITAL HILL COUNTRY,1020 STATE HIGHWAY 16 SOUTH,FREDERICKSBURG,TX,78624,"1020 State Hwy 16, Fredericksburg, TX 78624",30.282365,-98.862719,GILLESPIE,8309905032,10
METHODIST MANSFIELD MEDICAL CENTER,2700 E BROAD ST,MANSFIELD,TX,76063,"2700 E Broad St, Mansfield, TX 76063",32.568385,-97.094466,TARRANT,6822426000,38
METHODIST MIDLOTHIAN MEDICAL CENTER,1201 EAST US HIGHWAY 287,MIDLOTHIAN,TX,76065,"1201 E US Highway 287, Midlothian, TX 76065",32.469092,-96.981889,ELLIS,4698462000,8
METHODIST RICHARDSON MEDICAL CENTER,2831 E PRES GEORGE BUSH HWY,RICHARDSON,TX,75082,"Richardson, TX 75082",32.979315,-96.69137,COLLIN,4692042000,50
METHODIST RICHARDSON MEDICAL CENTER CAMPUS FOR CONTINUING CARE,401 W CAMPBELL ROAD,RICHARDSON,TX,75080,"401 W Campbell Rd, Richardson, TX 75080",32.974164,-96.726424,DALLAS,4692042000,10
METHODIST SOUTHLAKE MEDICAL CENTER,421 EAST STATE HWY 114,SOUTHLAKE,TX,76092,"371 State St, Southlake, TX 76092",32.945015,-97.131482,TARRANT,8178654501,6
METHODIST SPECIALTY & TRANSPLANT HOSPITAL,8026 FLOYD CURL DRIVE,SAN ANTONIO,TX,78229,"8026 Floyd Curl Dr, San Antonio, TX 78229",29.513915,-98.576438,BEXAR,2105758110,48
"METHODIST TEXSAN HOSPITAL, A METHODIST HOSPITAL FACILITY",6700 IH-10 WEST,SAN ANTONIO,TX,78201,"6700 I-10 W, San Antonio, TX 78201",29.489745,-98.547459,BEXAR,2107368001,30
METROPOLITAN METHODIST HOSPITAL,1310 MCCULLOUGH AVENUE,SAN ANTONIO,TX,78212,"1310 McCullough Ave, San Antonio, TX 78212",29.441133,-98.491008,BEXAR,2107572200,88
MID-JEFFERSON EXTENDED CARE HOSPITAL,2600 HIGHWAY 365,NEDERLAND,TX,77627,"2600 Highway 365, Nederland, TX 77627",29.955535,-93.986453,JEFFERSON,4097268700,7
MIDLAND MEMORIAL HOSPITAL,400 ROSALIND REDFERN GROVER PKWY,MIDLAND,TX,79701,"400 Rosalind Redfern Grover Pkwy, Midland, TX 79701",31.997566,-102.100201,MIDLAND,4322211111,48
MISSION REGIONAL MEDICAL CENTER,900 SOUTH BRYAN ROAD,MISSION,TX,78572,"900 S Bryan Rd, Mission, TX 78572",26.196411,-98.313817,HIDALGO,9563239103,16
MISSION TRAIL BAPTIST HOSPITAL,3333 RESEARCH PLAZA,SAN ANTONIO,TX,78235,"3333 Research Plz, San Antonio, TX 78235",29.344319,-98.43804,BEXAR,2102973600,20
NACOGDOCHES MEDICAL CENTER,4920 N E STALLINGS DRIVE,NACOGDOCHES,TX,75965,"4920 NE Stallings Dr, Nacogdoches, TX 75965",31.653211,-94.653926,NACOGDOCHES,9365699481,11
NACOGDOCHES MEMORIAL HOSPITAL,1204 NORTH MOUND STREET,NACOGDOCHES,TX,75961,"1204 N Mound St, Nacogdoches, TX 75961",31.612936,-94.648719,NACOGDOCHES,9365644611,16
NAVARRO REGIONAL HOSPITAL,3201 WEST HIGHWAY 22,CORSICANA,TX,75110,"3201 W State Highway 22, Corsicana, TX 75110",32.083865,-96.503734,NAVARRO,9036546805,10
NEXUS SPECIALTY HOSPITAL -THE WOODLANDS LTD-SHENANDOAH CAMPUS,123 VISION PARK BLVD,SHENANDOAH,TX,77384,"123 Vision Park Blvd, Shenandoah, TX 77384",30.188751,-95.459976,MONTGOMERY,2813640317,16
NORTH AUSTIN MEDICAL CENTER,12221 MOPAC EXPRESSWAY NORTH,AUSTIN,TX,78758,"N Mo-Pac Expy, Austin, TX 78759",30.376097,-97.738627,TRAVIS,5129012529,30
NORTH CENTRAL BAPTIST HOSPITAL,520 MADISON OAK,SAN ANTONIO,TX,78258,"520 Madison Oak Dr, San Antonio, TX 78258",29.620513,-98.491862,BEXAR,2102974600,46
NORTH TEXAS MEDICAL CENTER,1900 HOSPITAL BOULEVARD,GAINESVILLE,TX,76240,"1900 Hospital Blvd, Gainesville, TX 76240",33.641354,-97.162089,COOKE,9406651751,6
NORTHEAST BAPTIST HOSPITAL,8811 VILLAGE DRIVE,SAN ANTONIO,TX,78217,"8811 Village Dr, San Antonio, TX 78217",29.520442,-98.428742,BEXAR,2102972600,42
NORTHEAST METHODIST HOSPITAL,12412 JUDSON ROAD,SAN ANTONIO,TX,78233,"12412 Judson Rd, Live Oak, TX 78233",29.552277,-98.347883,BEXAR,2107577000,38
NORTHWEST TEXAS HOSPITAL,1501 SOUTH COULTER STREET,AMARILLO,TX,79106,"1501 S Coulter St, Amarillo, TX 79106",35.199823,-101.920803,POTTER,8063541000,85
OAKBEND MEDICAL CENTER,1705 JACKSON STREET,RICHMOND,TX,77469,"1705 Jackson St, Richmond, TX 77469",29.577706,-95.770969,FORT BEND,2813413000,12
OAKBEND MEDICAL CENTER,22003 SOUTHWEST FREEWAY,RICHMOND,TX,77469,"22003 Southwest Fwy, Richmond, TX 77469",29.55578,-95.713908,FORT BEND,2813412000,6
OAKBEND MEDICAL CENTER - WHARTON HOSPITAL CAMPUS,10141 HWY 59 ROAD,WHARTON,TX,77488,"10141 US Hwy 59, Wharton, TX 77488",29.329637,-96.120308,WHARTON,2813414812,12
ODESSA REGIONAL MEDICAL CENTER,520 EAST SIXTH STREET,ODESSA,TX,79761,"520 E 6th St, Odessa, TX 79761",31.851086,-102.365556,ECTOR,4325828000,10
OMNIPOINT HEALTH HOSPITAL,200 HOSPITAL DRIVE,ANAHUAC,TX,77514,"200 Hospital Dr, Anahuac, TX 77514",29.75315,-94.686947,CHAMBERS,4092673143,1
PALESTINE REGIONAL MEDICAL CENTER,2900 SOUTH LOOP 256,PALESTINE,TX,75801,"2900 S Loop 256, Palestine, TX 75801",31.732762,-95.627274,ANDERSON,9037311184,10
PALO PINTO GENERAL HOSPITAL,400 SOUTHWEST 25TH AVENUE,MINERAL WELLS,TX,76067,"400 SW 25th Ave, Mineral Wells, TX 76067",32.799185,-98.145012,PALO PINTO,9403257891,8
PAM SPECIALTY HOSPITAL OF SAN ANTONIO MEDICAL CENTER,8902 FLOYD CURL DRIVE,SAN ANTONIO,TX,78240,"8902 Floyd Curl Dr, San Antonio, TX 78240",29.526561,-98.590482,BEXAR,7177319660,10
PAMPA REGIONAL MEDICAL CENTER,ONE MEDICAL PLAZA,PAMPA,TX,79065,"1 Medical Plz, Pampa, TX 79065",35.572395,-100.964068,GRAY,8066653721,6
PARIS REGIONAL MEDICAL CENTER NORTH CAMPUS,865 DESHONG DRIVE,PARIS,TX,75460,"865 Deshong Dr, Paris, TX 75460",33.688124,-95.547096,LAMAR,9037371111,16
PARKLAND MEMORIAL HOSPITAL,5200 - 5201 HARRY HINES BOULEVARD,DALLAS,TX,75235,"5201 Harry Hines Blvd, Dallas, TX 75235",32.811035,-96.837839,DALLAS,2145900356,131
PARKVIEW REGIONAL HOSPITAL,600 SOUTH BONHAM,MEXIA,TX,76667,"600 S Bonham St, Mexia, TX 76667",31.675021,-96.480021,LIMESTONE,2545625332,6
PETERSON REGIONAL MEDICAL CENTER,551 HILL COUNTRY DRIVE,KERRVILLE,TX,78028,"551 Hill Country Dr S, Kerrville, TX 78028",30.043795,-99.152235,KERR,8308964200,12
REEVES REGIONAL HEALTH,2349 MEDICAL DRIVE,PECOS,TX,79772,"Pecos, TX 79772",31.446678,-103.57906,REEVES,4324473551,2
RESOLUTE BAPTIST HOSPITAL,555 CREEKSIDE CROSSING,NEW BRAUNFELS,TX,78130,"555 Creekside Xing, New Braunfels, TX 78130",29.721947,-98.070208,COMAL,8305006602,16
RIO GRANDE REGIONAL HOSPITAL,101 E RIDGE ROAD,MCALLEN,TX,78503,"101 E Ridge Rd, McAllen, TX 78503",26.186287,-98.222486,HIDALGO,9566326000,40
RIVER OAKS HOSPITALS & CLINICS,4200 TWELVE OAKS DRIVE,HOUSTON,TX,77027,"Twelve Oaks Dr, Houston, TX 77024",29.780571,-95.496946,HARRIS,7133303887,5
ROLLING PLAINS MEMORIAL HOSPITAL,200 EAST ARIZONA,SWEETWATER,TX,79556,"200 E Arizona Ave, Sweetwater, TX 79556",32.453553,-100.397509,NOLAN,3252351701,6
ROUND ROCK MEDICAL CENTER,2400 ROUND ROCK AVENUE,ROUND ROCK,TX,78681,"2400 Round Rock Ave, Round Rock, TX 78681",30.510718,-97.713493,WILLIAMSON,5123411000,22
"SCENIC MOUNTAIN MEDICAL CENTER, A STEWARD FAMILY HOSPITAL",1601 WEST ELEVENTH PLACE,BIG SPRING,TX,79720,"Big Spring, TX 79720",32.278703,-101.457761,HOWARD,4322684903,8
SELECT SPECIALTY HOSPITAL - DALLAS (DOWNTOWN),3500 GASTON AVENUE 3RD AND 4TH FLOORS,DALLAS,TX,75246,"3500 Gaston Ave, Dallas, TX 75246",32.790908,-96.779474,DALLAS,9722270093,6
SETON MEDICAL CENTER HARKER HEIGHTS,850 WEST CENTRAL TEXAS EXPRESSWAY,HARKER HEIGHTS,TX,76548,"850 W Central Texas Expy, Harker Heights, TX 76548",31.072602,-97.682833,BELL,2546900900,10
SHANNON MEDICAL CENTER,120 E HARRIS AVE,SAN ANGELO,TX,76903,"120 E Harris Ave, San Angelo, TX 76903",31.465082,-100.434641,TOM GREEN,3256536741,33
SHANNON MEDICAL CENTER SOUTH,3501 KNICKERBOCKER RD,SAN ANGELO,TX,76904,"3501 Knickerbocker Rd, San Angelo, TX 76904",31.418433,-100.46964,TOM GREEN,3259499511,12
SOLARA SPECIALTY HOSPITALS HARLINGEN,508 VICTORIA LANE,HARLINGEN,TX,78550,"508 Victoria Ln, Harlingen, TX 78550",26.161525,-97.672292,CAMERON,9564259600,6
SOLARA SPECIALTY HOSPITALS HARLINGEN - BROWNSVILLE,333 LORENALY DRIVE,BROWNSVILLE,TX,78520,"333 Lorenaly Dr, Brownsville, TX 78526",25.97362,-97.510685,CAMERON,9565460808,6
SOLARA SPECIALTY HOSPITALS MCALLEN,301 WEST EXPRESSWAY 83 8TH FLOOR,MCALLEN,TX,78503,"301 Expwy, Fl 8, McAllen, TX 78503",26.186457,-98.225692,HIDALGO,9566324880,6
SOUTH TEXAS HEALTH SYSTEM EDINBURG,1102 WEST TRENTON ROAD,EDINBURG,TX,78539,"1102 W Trenton Rd, Edinburg, TX 78539",26.261293,-98.181844,HIDALGO,9563886000,44
SOUTH TEXAS HEALTH SYSTEM HEART,1900 SOUTH D STREET,MCALLEN,TX,78503,"1900 S D St, McAllen, TX 78503",26.183853,-98.218108,HIDALGO,9569942000,13
SOUTH TEXAS HEALTH SYSTEM MCALLEN,301 WEST EXPRESSWAY 83,MCALLEN,TX,78503,"301 Expwy 83, McAllen, TX 78503",26.186457,-98.225692,HIDALGO,9566324000,38
SOUTH TEXAS SPINE & SURGICAL HOSPITAL,18600 NORTH HARDY OAK BOULEVARD,SAN ANTONIO,TX,78258,"18600 Hardy Oak Blvd, San Antonio, TX 78258",29.613359,-98.47755,BEXAR,2105074091,2
ST DAVIDS GEORGETOWN HOSPITAL A ST DAVIDS MEDICAL CENTER FACILI,2000 SCENIC DRIVE,GEORGETOWN,TX,78626,"2000 Scenic Dr, Georgetown, TX 78626",30.626493,-97.688147,WILLIAMSON,5129433000,20
ST DAVIDS MEDICAL CENTER,919 E 32ND STREET,AUSTIN,TX,78705,"919 E 32nd St, Austin, TX 78705",30.290681,-97.726745,TRAVIS,5124767111,40
ST DAVIDS SOUTH AUSTIN MEDICAL CENTER,901 W BEN WHITE BLVD,AUSTIN,TX,78704,"901 W Ben White Blvd, Austin, TX 78704",30.227468,-97.773479,TRAVIS,5124472211,38
ST DAVIDS SURGICAL HOSPITAL A CAMPUS OF NORTH AUSTIN MEDICAL CTR,1201 W LOUIS HENNA BLVD,AUSTIN,TX,78681,"1201 W Louis Henna Blvd, Austin, TX 78681",30.477073,-97.690592,WILLIAMSON,5129011000,6
ST JOSEPH MEDICAL CENTER,1401 ST JOSEPH PARKWAY,HOUSTON,TX,77002,"1401 St Joseph Pkwy, Houston, TX 77002",29.748091,-95.366207,HARRIS,7137565007,36
ST JOSEPH REGIONAL HEALTH CENTER,2801 FRANCISCAN DRIVE,BRYAN,TX,77802,"2801 Franciscan Dr, Bryan, TX 77802",30.655929,-96.346726,BRAZOS,9797763777,36
ST LUKES BAPTIST HOSPITAL,7930 FLOYD CURL DRIVE,SAN ANTONIO,TX,78229,"7930 Floyd Curl Dr, San Antonio, TX 78229",29.512373,-98.574718,BEXAR,2102975600,30
ST LUKES HOSPITAL AT THE VINTAGE,20171 CHASEWOOD PARK DR,HOUSTON,TX,77070,"20171 Chasewood Park Dr, Houston, TX 77070",29.989252,-95.567478,HARRIS,8325345000,12
ST LUKES PATIENTS MEDICAL CENTER,4600 EAST SAM HOUSTON PARKWAY SOUTH,PASADENA,TX,77505,"4600 E Sam Houston Pkwy S, Pasadena, TX 77505",29.641373,-95.16191,HARRIS,7139487000,8
ST LUKES SUGAR LAND HOSPITAL,1317 LAKE POINTE PARKWAY,SUGAR LAND,TX,77478,"1317 Lake Pointe Pkwy, Sugar Land, TX 77478",29.603754,-95.620268,FORT BEND,2816377000,16
ST LUKES THE WOODLANDS HOSPITAL,17200 ST LUKES WAY,THE WOODLANDS,TX,77384,"17200 St Lukes Way, Conroe, TX 77384",30.205221,-95.458625,MONTGOMERY,9362662000,43
STARR COUNTY MEMORIAL HOSPITAL,128 NORTH FM ROAD 3167,RIO GRANDE CITY,TX,78582,"128 N FM 3167, Rio Grande City, TX 78582",26.376663,-98.858984,STARR,9564875561,3
STEPHENS MEMORIAL HOSPITAL,200 SOUTH GENEVA,BRECKENRIDGE,TX,76424,"200 S Geneva Ave, Breckenridge, TX 76424",32.754072,-98.88745,STEPHENS,2545592241,3
SURGERY SPECIALTY HOSPITALS OF AMERICA SOUTHEAST HOUSTON,4301-B VISTA,PASADENA,TX,77504,"Pasadena, TX 77504",29.645312,-95.176291,HARRIS,7133783000,5
SWEENY COMMUNITY HOSPITAL,305 NORTH MCKINNEY STREET,SWEENY,TX,77480,"305 N McKinney St, Sweeny, TX 77480",29.048286,-95.691495,BRAZORIA,9795481598,2
TEXAS CHILDRENS HOSPITAL,6621 FANNIN STREET,HOUSTON,TX,77030,"6621 Fannin St, Houston, TX 77030",29.708155,-95.400365,HARRIS,8328241000,138
TEXAS CHILDRENS HOSPITAL THE WOODLANDS,17600 INTERSTATE 45 SOUTH,THE WOODLANDS,TX,77384,"17600 S I-45, Conroe, TX 77384",30.200999,-95.457618,MONTGOMERY,9362675000,14
TEXAS CHILDRENS HOSPITAL WEST CAMPUS,18200 KATY FREEWAY,HOUSTON,TX,77094,"18200 Katy Fwy, Houston, TX 77094",29.7873,-95.692415,HARRIS,8322271000,22
TEXAS HEALTH ARLINGTON MEMORIAL HOSPITAL,800 W RANDOL MILL RD,ARLINGTON,TX,76012,"800 W Randol Mill Rd, Arlington, TX 76012",32.751423,-97.114841,TARRANT,8179606535,39
TEXAS HEALTH HARRIS METHODIST HOSPITAL ALLIANCE,10864 TEXAS HEALTH TRL,FORT WORTH,TX,76244,"10864 Texas Health Trl, Fort Worth, TX 76244",32.897857,-97.314045,TARRANT,6822122000,24
TEXAS HEALTH HARRIS METHODIST HOSPITAL AZLE,108 DENVER TRL,AZLE,TX,76020,"108 Denver Trl, Azle, TX 76020",32.880904,-97.533101,TARRANT,8174448600,6
TEXAS HEALTH HARRIS METHODIST HOSPITAL CLEBURNE,201 WALLS DRIVE,CLEBURNE,TX,76033,"201 Walls Dr, Cleburne, TX 76033",32.331749,-97.438415,JOHNSON,8176412551,7
TEXAS HEALTH HARRIS METHODIST HOSPITAL FORT WORTH,1301 PENNSYLVANIA AVE,FORT WORTH,TX,76104,"1301 Pennsylvania Ave, Fort Worth, TX 76104",32.736811,-97.33891,TARRANT,8172502000,134
TEXAS HEALTH HARRIS METHODIST HOSPITAL HURST-EULESS-BEDFORD,1600 HOSPITAL PKWY,BEDFORD,TX,76022,"1600 Hospital Pkwy, Bedford, TX 76022",32.835072,-97.123334,TARRANT,8178484602,26
TEXAS HEALTH HARRIS METHODIST HOSPITAL SOUTHWEST FORT WORTH,6100 HARRIS PKWY,FORT WORTH,TX,76132,"6100 Harris Pkwy, Fort Worth, TX 76132",32.657808,-97.420746,TARRANT,8174335000,18
TEXAS HEALTH HARRIS METHODIST HOSPITAL STEPHENVILLE,411 N BELKNAP ST,STEPHENVILLE,TX,76401,"411 N Belknap St, Stephenville, TX 76401",32.222262,-98.204054,ERATH,2549651500,5
TEXAS HEALTH HEART & VASCULAR HOSPITAL ARLINGTON,811 WRIGHT ST,ARLINGTON,TX,76012,"811 Wright St, Arlington, TX 76012",32.748355,-97.117026,TARRANT,8179603500,20
TEXAS HEALTH HOSPITAL CLEARFORK,5400 CLEARFORK MAIN ST,FORT WORTH,TX,76109,"5400 Clearfork Main St, Fort Worth, TX 76109",32.707511,-97.402192,TARRANT,8174337010,6
TEXAS HEALTH HOSPITAL FRISCO,12400 DALLAS PKWY,FRISCO,TX,75033,"12400 Dallas Pkwy, Frisco, TX 75033",33.181516,-96.837082,COLLIN,4694952000,30
TEXAS HEALTH HOSPITAL MANSFIELD,2300 LONE STAR ROAD,MANSFIELD,TX,76063,"2300 Lone Star Rd, Mansfield, TX 76063",32.537001,-97.099405,JOHNSON,6823415000,12
TEXAS HEALTH HOSPITAL ROCKWALL,3150 HORIZON ROAD,ROCKWALL,TX,75032,"3150 Horizon Rd, Rockwall, TX 75032",32.884889,-96.465807,ROCKWALL,4696981000,6
TEXAS HEALTH HUGULEY HOSPITAL,11801 SOUTH FREEWAY,BURLESON,TX,76028,"11801 South Fwy, Burleson, TX 76028",32.586584,-97.316183,TARRANT,8172939110,28
TEXAS HEALTH PRESBYTERIAN HOSPITAL ALLEN,1105 CENTRAL EXPY N,ALLEN,TX,75013,"1105 N Central Expy, Allen, TX 75013",33.116231,-96.673545,COLLIN,9727471000,8
TEXAS HEALTH PRESBYTERIAN HOSPITAL DALLAS,8200 WALNUT HILL LN,DALLAS,TX,75231,"8200 Walnut Hill Ln, Dallas, TX 75231",32.879541,-96.761274,DALLAS,2143456789,72
TEXAS HEALTH PRESBYTERIAN HOSPITAL DENTON,3000 I 35 NORTH,DENTON,TX,76201,"3008 S I-35 E, Denton, TX 76210",33.17919,-97.099445,DENTON,9408987191,30
TEXAS HEALTH PRESBYTERIAN HOSPITAL FLOWER MOUND,4400 LONG PRAIRIE ROAD,FLOWER MOUND,TX,75028,"4400 Long Prairie Rd, Flower Mound, TX 75028",33.045566,-97.06763,DENTON,4693227000,8
TEXAS HEALTH PRESBYTERIAN HOSPITAL KAUFMAN,850 ED HALL DRIVE,KAUFMAN,TX,75142,"850 Ed Hall Dr, Kaufman, TX 75142",32.59219,-96.318447,KAUFMAN,9729327200,8
TEXAS HEALTH PRESBYTERIAN HOSPITAL PLANO,6200 W PARKER RD,PLANO,TX,75093,"6200 W Parker Rd, Plano, TX 75093",33.044047,-96.838405,COLLIN,9729818000,26
TEXAS ORTHOPEDIC HOSPITAL,7401 SOUTH MAIN,HOUSTON,TX,77030,"7401 S Main St, Houston, TX 77030",29.701402,-95.409,HARRIS,7137943498,3
TEXOMA MEDICAL CENTER,5016 SOUTH US HIGHWAY 75,DENISON,TX,75020,"5016 S US Highway 75, Denison, TX 75020",33.710009,-96.584679,GRAYSON,9034164000,52
THE CORPUS CHRISTI MEDICAL CENTER - THE HEART HOSPITAL,7002 WILLIAMS DRIVE,CORPUS CHRISTI,TX,78413,"7002 Williams Dr, Corpus Christi, TX 78412",27.692506,-97.347324,NUECES,3617616800,24
THE HEIGHTS HOSPITAL,1917 ASHLAND ST,HOUSTON,TX,77008,"1917 Ashland St, Houston, TX 77008",29.803651,-95.40423,HARRIS,3463961314,4
THE HOSPITAL AT WESTLAKE MEDICAL CENTER,5656 BEE CAVES ROAD STE M-302,AUSTIN,TX,78746,"5656 Bee Caves Rd, Ste M302, West Lake Hills, TX 78746",30.294981,-97.824442,TRAVIS,5123270000,2
THE HOSPITALS OF PROVIDENCE EAST CAMPUS,3280 JOE BATTLE BOULEVARD,EL PASO,TX,79938,"3280 Joe Battle Blvd, El Paso, TX 79938",31.790579,-106.264899,EL PASO,9158322000,24
THE HOSPITALS OF PROVIDENCE MEMORIAL CAMPUS,2001 NORTH OREGON STREET,EL PASO,TX,79902,"2001 N Oregon St, El Paso, TX 79902",31.771502,-106.499726,EL PASO,9155776011,36
THE HOSPITALS OF PROVIDENCE SIERRA CAMPUS,1625 MEDICAL CENTER DRIVE,EL PASO,TX,79902,"1625 Medical Center St, El Paso, TX 79902",31.777611,-106.480389,EL PASO,9157474000,34
THE HOSPITALS OF PROVIDENCE TRANSMOUNTAIN CAMPUS,2000 TRANSMOUNTAIN RD,EL PASO,TX,79911,"El Paso, TX 79911",31.892468,-106.542594,EL PASO,9158778136,12
THE MEDICAL CENTER OF SOUTHEAST TEXAS,2555 JIMMY JOHNSON BLVD,PORT ARTHUR,TX,77640,"2555 Jimmy Johnson Blvd, Port Arthur, TX 77640",29.933896,-93.988304,JEFFERSON,4098535902,24
THE WOMANS HOSPITAL OF TEXAS,7600 FANNIN STREET,HOUSTON,TX,77054,"7600 Fannin St, Houston, TX 77054",29.693102,-95.402355,HARRIS,7137901234,22
TITUS REGIONAL MEDICAL CENTER,2001 NORTH JEFFERSON,MOUNT PLEASANT,TX,75455,"2001 N Jefferson Ave, Mount Pleasant, TX 75455",33.175741,-94.971816,TITUS,9035776000,8
UNITED MEMORIAL MEDICAL CENTER,510 WEST TIDWELL ROAD,HOUSTON,TX,77091,"510 W Tidwell Rd, Houston, TX 77091",29.847916,-95.408636,HARRIS,2816188505,16
UNITED MEMORIAL MEDICAL CENTER - NORTH HOSPITAL,16750 RED OAK DR,HOUSTON,TX,77090,"16811 Red Oak Dr, Houston, TX 77090",30.014633,-95.44249,HARRIS,2814537110,8
UNITED REGIONAL HEALTH CARE SYSTEM,1600 11TH STREET,WICHITA FALLS,TX,76301,"1600 11th St, Wichita Falls, TX 76301",33.902797,-98.500328,WICHITA,9407648313,24
UNIVERSITY HOSPITAL,4502 MEDICAL DRIVE,SAN ANTONIO,TX,78229,"4502 Medical Dr, San Antonio, TX 78229",29.508584,-98.578904,BEXAR,2103584000,224
UNIVERSITY MEDICAL CENTER,602 INDIANA AVENUE,LUBBOCK,TX,79415,"602 Indiana Ave, Lubbock, TX 79415",33.588252,-101.892086,LUBBOCK,8067758200,122
UNIVERSITY MEDICAL CENTER OF EL PASO,4815 ALAMEDA AVENUE,EL PASO,TX,79905,"4815 Alameda Ave, El Paso, TX 79905",31.771335,-106.434012,EL PASO,9155441200,50
UT HEALTH EAST TEXAS ATHENS HOSPITAL,2000 SOUTH PALESTINE STREET,ATHENS,TX,75751,"2000 S Palestine St, Athens, TX 75751",32.17114,-95.843843,HENDERSON,9036761000,10
UT HEALTH EAST TEXAS CARTHAGE HOSPITAL,409 COTTAGE ROAD,CARTHAGE,TX,75633,"409 Cottage Rd, Carthage, TX 75633",32.166161,-94.34667,PANOLA,9036933841,6
UT HEALTH EAST TEXAS HENDERSON HOSPITAL,300 WILSON STREET,HENDERSON,TX,75652,"300 Wilson St, Henderson, TX 75652",32.161579,-94.796235,RUSK,9036577541,6
UT HEALTH EAST TEXAS JACKSONVILLE HOSPITAL,501 SOUTH RAGSDALE STREET,JACKSONVILLE,TX,75766,"501 S Ragsdale St, Jacksonville, TX 75766",31.961126,-95.270679,CHEROKEE,9035415100,6
UT HEALTH EAST TEXAS TYLER REGIONAL HOSPITAL,1000 SOUTH BECKHAM AVENUE,TYLER,TX,75701,"1000 S Beckham Ave, Tyler, TX 75701",32.338206,-95.291088,SMITH,9035970351,74
UVALDE MEMORIAL HOSPITAL,1025 GARNER FIELD ROAD,UVALDE,TX,78801,"1025 Garner Field Rd, Uvalde, TX 78801",29.214629,-99.767805,UVALDE,8302786251,6
VAL VERDE REGIONAL MEDICAL CENTER,801 BEDELL AVENUE,DEL RIO,TX,78840,"801 Bedell Ave, Del Rio, TX 78840",29.374882,-100.892371,VAL VERDE,8307758566,8
VALLEY BAPTIST MEDICAL CENTER,2101 PEASE ST,HARLINGEN,TX,78550,"2101 Pease St, Harlingen, TX 78550",26.17459,-97.671586,CAMERON,9563891674,62
VALLEY BAPTIST MEDICAL CENTER - BROWNSVILLE,1040 W JEFFERSON ST,BROWNSVILLE,TX,78520,"W Jefferson St, Brownsville, TX 78520",25.916015,-97.509916,CAMERON,9566985421,24
VALLEY REGIONAL MEDICAL CENTER,100A E ALTON GLOOR BLVD,BROWNSVILLE,TX,78526,"100 E Alton Gloor Blvd, Brownsville, TX 78526",25.980037,-97.497577,CAMERON,9563507000,18
VIBRA HOSPITAL OF RICHARDSON,401 WEST CAMPBELL ROAD SUITE 300,RICHARDSON,TX,75080,"401 W Campbell Rd, Ste 300, Richardson, TX 75080",32.974164,-96.726424,DALLAS,4693297300,6
VIBRA SPECIALTY HOSPITAL,2700 WALKER WAY,DESOTO,TX,75115,"2700 Walker Way, Desoto, TX 75115",32.64511,-96.883458,DALLAS,9722981100,12
WADLEY REGIONAL MEDICAL CENTER,1000 PINE,TEXARKANA,TX,75501,"904 Texarkana Ave, Texarkana, TX 75501",33.412317,-94.074189,BOWIE,9037988000,32
WHITE ROCK MEDICAL CENTER,9440 POPPY DRIVE,DALLAS,TX,75218,"9440 Poppy Dr, Dallas, TX 75218",32.834389,-96.704575,DALLAS,2143246100,20
WILSON N JONES REGIONAL MEDICAL CENTER,500 N HIGHLAND AVE,SHERMAN,TX,75092,"500 N Highland Ave, Sherman, TX 75092",33.637172,-96.623877,GRAYSON,9038704611,20
WISE HEALTH SYSTEM,609 MEDICAL CENTER DRIVE,DECATUR,TX,76234,"609 Medical Center Dr, Decatur, TX 76234",33.218883,-97.592858,WISE,9406275921,21
WOMENS HOSPITAL AT RENAISSANCE,5502 SOUTH MC COLL,EDINBURG,TX,78539,"5502 S McColl Rd, Edinburg, TX 78539",26.252768,-98.202966,HIDALGO,9563625601,5
WOODLAND HEIGHTS MEDICAL CENTER,505 SOUTH JOHN REDDITT DRIVE,LUFKIN,TX,75904,"505 S John Redditt Dr, Lufkin, TX 75904",31.329219,-94.756536,ANGELINA,9366378501,31
YOAKUM COMMUNITY HOSPITAL,1200 CARL RAMERT DRIVE,YOAKUM,TX,77995,"1200 Carl Ramert Dr, Yoakum, TX 77995",29.306828,-97.129909,LAVACA,3612932321,3